"","age","edu","dpt","sex","Ydata1","Ydata2","Ydata3","Ydata4","Ydata5","Ydata6","Ydata7","Ydata8","Ydata9","Ydata10","Ydata11","Ydata12","Ydata13","Ydata14","Ydata15","Ydata16","Ydata17","Ydata18","Ydata19","Ydata20","Ydata21","Ydata22","Ydata23","Ydata24","Ydata25","Ydata26","Ydata27","Ydata28","Ydata29","Ydata30","Ydata31","Ydata32","Ydata33","Ydata34","Ydata35","Ydata36","Ydata37","Ydata38","Ydata39","Ydata40","Ydata41","Ydata42","Ydata43","Ydata44","Ydata45","Ydata46","Ydata47","Ydata48","Ydata49","Ydata50","Ydata51","Ydata52","Ydata53","Ydata54","Ydata55","Ydata56","Ydata57","Ydata58","Ydata59","Ydata60","Ydata61","Ydata62","Ydata63","Ydata64","Ydata65","Ydata66","Ydata67"
"id","age","edu","dpt","sex","2015014495","2016010317","2016011222","2016013000","2016014336","2016014344","2016014361","2016014370","2016014382","2016014397","2016014407","2016014409","2016014411","2016014412","2016014439","2016014440","2016014442","2016014472","2016014484","2016014488","2016014490","2016014495","2016014497","2016014516","2016014519","2016014541","2016014547","2015010836","2015014506","2016010729","2016011199","2016011334","2016014323","2016014325","2016014333","2016014355","2016014378","2016014380","2016014381","2016014390","2016014396","2016014399","2016014400","2016014402","2016014423","2016014430","2016014431","2016014493","2016014501","2016014502","2016014517","2016014518","2016014525","2016014530","2016014532","2016014545","2016014556","2016000001","2016000002","2016000003","2016000004","2016000005","2016000006","2016000007","2016000008","2016000009","2016000010"
"name","age","edu","dpt","sex","¡ı¡’","Õı—©√˜","∫´À´»","»Œ≥©","ª∆“’Êº","∏ﬂ‘Û¥®","»Œ∑…∏Î","∂≈—Ù","π˘±ÚË°","‘≠Â˚ƒ»","¥ﬁ≈Ù¿ı","¥ﬁ¥ª∫∆","¡Œ“„","’‘∑·‘∞","Œ‚∑…∑´","”⁄≥øÍÿ","π˘Œı¡Ÿ","¡ıπ⁄”Ó","ÃÔÕ¡È","¿ÓŸª","≤‹÷ Õø","Õı∂´±±","÷‹Ã⁄∑…","’‘—©»Ô","“¶‚˘ÕÆ","≥Ã‚˘∑´","¡ı–¿»ª","≤‹·ø","“◊÷“≤©","≈£Ïœ±Û","Õı—≈¿Ú","¡∫À≥«ø","’≈»ÿ","¿Ó—≈È™","Ã’Ÿ•","ø‹—”∑º","¿Ó¡¡","⁄€À≥","’≈”¬≥¨","ÕÚÌµ","ÃÔˆ©","Œ∫¥∫¿÷","¿Óﬁ»–ƒ","π˘Â´Œƒ","–§Œ≠","∑∂Ω≠”Í","≤ÒÁ˜","¡ı‘Ûª™","¡÷‰¯«‡","ª™ÃÏ≥ø","—¶≤©Á¸","π∂”Íù˜","”⁄∫∆","…Í∞ÿ»™","¿Ó¡ı—Û","¡ı—Â¡Ê","Ω™‘∆…≠","—ß…˙1","—ß…˙2","—ß…˙3","—ß…˙4","—ß…˙5","—ß…˙6","—ß…˙7","—ß…˙8","—ß…˙9","—ß…˙10"
"class","age","edu","dpt","sex","±£œ’1601","±£œ’1601","±£œ’1601","±£œ’1601","±£œ’1601","±£œ’1601","±£œ’1601","±£œ’1601","±£œ’1601","±£œ’1601","±£œ’1601","±£œ’1601","±£œ’1601","±£œ’1601","±£œ’1601","±£œ’1601","±£œ’1601","±£œ’1601","±£œ’1601","±£œ’1601","±£œ’1601","±£œ’1601","±£œ’1601","±£œ’1601","±£œ’1601","±£œ’1601","±£œ’1601","±£œ’1602","±£œ’1602","±£œ’1602","±£œ’1602","±£œ’1602","±£œ’1602","±£œ’1602","±£œ’1602","±£œ’1602","±£œ’1602","±£œ’1602","±£œ’1602","±£œ’1602","±£œ’1602","±£œ’1602","±£œ’1602","±£œ’1602","±£œ’1602","±£œ’1602","±£œ’1602","±£œ’1602","±£œ’1602","±£œ’1602","±£œ’1602","±£œ’1602","±£œ’1602","±£œ’1602","±£œ’1602","±£œ’1602","±£œ’1602","÷ÿ–ﬁ∏˙∞‡","÷ÿ–ﬁ∏˙∞‡","÷ÿ–ﬁ∏˙∞‡","÷ÿ–ﬁ∏˙∞‡","÷ÿ–ﬁ∏˙∞‡","÷ÿ–ﬁ∏˙∞‡","÷ÿ–ﬁ∏˙∞‡","÷ÿ–ﬁ∏˙∞‡","÷ÿ–ﬁ∏˙∞‡","÷ÿ–ﬁ∏˙∞‡"
"n1","26","primary","permanent","female","116.44","116.77","118.56","117.07","117.13","118.72","117.46","115.73","116.31","116.55","118.22","117.36","117.40","117.11","116.44","118.79","117.50","115.03","117.70","116.53","115.93","116.78","115.97","116.27","116.37","115.31","117.84","117.15","115.86","118.25","117.43","116.70","117.90","117.88","117.82","117.69","117.55","116.94","116.69","116.62","116.31","116.79","115.73","119.17","118.21","115.88","116.60","116.53","117.78","116.92","117.25","116.97","116.96","118.37","116.77","118.52","115.45","117.58","117.12","117.22","117.38","116.50","116.67","115.98","115.93","117.30","117.45"
"n2","42","primary","permanent","female","375.05","375.92","377.05","374.51","372.69","376.01","374.29","374.31","376.03","374.72","373.78","375.18","374.86","375.01","375.39","374.63","375.64","374.78","375.33","376.10","375.44","374.67","376.15","375.99","375.55","375.24","374.37","376.36","374.40","377.19","376.53","374.76","373.97","374.29","375.26","374.75","374.65","374.05","374.95","374.22","373.33","374.62","375.92","374.42","375.61","373.38","374.94","375.52","375.30","375.11","374.36","374.15","373.98","375.12","374.05","374.51","374.74","376.84","374.35","375.24","375.08","374.04","374.93","376.44","375.45","375.04","374.58"
"n3","33","primary","permanent","female","172.95","176.13","173.54","175.74","176.91","173.56","175.70","174.74","173.43","173.49","173.40","174.47","173.54","175.69","177.10","173.71","175.79","175.77","175.33","173.99","174.88","174.72","175.56","174.63","175.98","174.63","176.05","173.95","173.74","178.24","174.58","175.30","175.64","174.52","175.52","175.37","174.78","175.07","174.97","177.13","174.26","173.90","175.04","175.31","175.44","174.54","173.94","176.26","174.65","174.13","174.76","174.80","176.11","175.08","175.75","174.50","175.21","174.68","175.09","174.10","173.69","177.00","175.60","173.75","174.39","173.81","177.20"
"n4","33","primary","permanent","female","101.31"," 99.73","100.54"," 99.59"," 99.52"," 99.21"," 99.41","101.65"," 99.95","100.12","100.24","101.23"," 99.48"," 99.01","101.68"," 99.56"," 99.28"," 98.76"," 98.72"," 99.43","100.62","101.11","100.71"," 99.64","100.06"," 99.30"," 99.28","100.88"," 98.98","101.96"," 99.91","100.21"," 99.26"," 99.43"," 98.68"," 99.82","100.42","100.32"," 99.22"," 99.21"," 99.50","101.50"," 98.86"," 99.82","101.90"," 99.90"," 98.64"," 99.34","100.49"," 99.62"," 99.44"," 99.66","100.09","101.60"," 99.91","101.08","100.63"," 99.89"," 98.47"," 99.48"," 99.51","100.05","101.30","102.29","101.55"," 99.87"," 98.24"
"n5","30","primary","permanent","female","162.11","162.59","163.35","163.46","163.18","161.10","163.35","162.05","162.67","162.57","162.93","162.52","160.83","163.24","162.89","162.23","162.62","162.63","162.72","164.14","162.28","162.67","163.67","163.55","163.65","161.92","164.50","162.57","164.37","161.15","162.52","163.75","161.78","161.75","161.56","161.45","162.06","162.83","160.49","162.71","163.74","164.54","163.80","163.26","160.77","161.90","162.15","163.20","162.39","161.24","164.18","163.41","162.74","163.72","161.16","163.16","161.98","163.18","162.44","163.13","163.84","162.51","163.52","161.31","161.78","164.02","162.88"
"n6","35","secondary","permanent","female","297.95","298.64","299.80","300.87","299.90","300.62","300.96","301.67","300.06","299.95","298.25","300.10","299.43","299.03","299.82","301.01","298.01","299.57","300.12","299.11","300.33","300.41","299.97","297.53","302.57","299.79","300.65","300.27","301.02","300.82","299.79","300.38","299.05","300.86","299.54","302.42","298.35","299.54","300.83","300.51","299.41","299.00","300.14","299.99","298.21","300.03","300.19","300.17","298.94","300.48","301.38","300.46","298.86","299.56","300.35","299.35","297.84","300.88","299.17","299.43","301.50","299.23","300.85","298.74","299.65","299.93","298.83"
"n7","40","secondary","permanent","female","174.37","174.97","175.67","173.35","174.65","175.76","174.46","175.23","175.49","175.27","175.65","174.88","174.59","172.36","174.91","175.43","175.54","174.44","176.78","175.29","175.13","176.27","174.28","174.55","177.40","175.01","176.63","173.56","174.81","175.38","175.30","173.99","175.02","173.92","175.71","176.08","172.78","176.24","173.76","175.45","175.66","174.80","174.35","175.17","175.44","175.88","172.95","173.36","176.43","176.05","175.44","175.72","175.92","172.34","176.11","174.52","175.23","174.70","175.87","174.65","175.52","174.61","173.91","176.21","175.74","176.72","175.07"
"n8","50","secondary","permanent","female","288.63","289.48","287.22","286.18","287.26","287.29","287.65","289.21","287.17","287.87","287.27","287.52","287.81","288.83","287.62","288.21","288.28","288.41","286.93","289.13","287.12","287.39","288.90","288.79","286.41","286.63","286.14","287.68","287.66","287.86","288.05","286.90","286.51","288.53","288.25","285.99","287.40","286.60","285.43","287.65","287.42","287.40","287.72","288.38","287.71","286.88","286.77","287.37","287.81","286.46","287.32","288.47","287.39","286.80","287.22","288.61","288.05","288.74","287.64","287.91","286.94","288.11","286.99","286.08","287.63","289.45","288.30"
"n9","42","secondary","permanent","female","351.17","350.36","349.39","349.80","349.73","349.53","350.70","348.80","350.87","350.86","348.80","350.64","352.43","349.44","350.84","349.22","351.11","350.25","351.65","348.54","349.95","349.47","349.80","349.37","349.17","350.58","348.91","351.48","348.81","350.10","350.53","350.59","349.70","350.08","350.96","348.54","349.22","350.32","349.56","351.37","350.67","350.07","348.49","350.03","349.68","349.90","348.82","350.50","348.96","349.77","350.38","349.22","350.58","348.68","347.19","350.46","350.84","349.71","350.50","348.84","349.87","348.06","351.18","351.86","351.07","349.97","349.97"
"n10","30","secondary","permanent","female","383.48","385.79","384.79","384.34","383.59","384.70","384.15","384.60","383.78","386.69","384.98","386.07","382.40","384.55","384.32","383.78","386.55","383.58","385.32","385.85","385.18","384.12","385.94","385.17","383.94","383.61","387.09","384.32","383.14","385.53","385.31","383.65","383.06","384.88","386.14","385.64","384.51","384.17","385.27","385.16","385.63","384.60","385.90","384.17","384.67","385.74","385.99","383.06","385.11","385.61","383.55","385.48","384.17","386.02","385.54","385.77","385.12","385.86","386.38","386.97","384.97","382.75","385.03","385.21","384.84","385.57","386.01"
"n11","45","secondary","permanent","female","394.48","394.71","395.40","394.45","395.09","393.04","393.88","393.67","394.15","394.31","395.38","395.98","394.27","394.00","393.96","394.59","394.76","395.48","394.68","392.92","394.91","396.19","396.19","394.21","393.45","397.46","394.84","394.90","395.42","393.39","394.27","393.46","394.31","395.12","393.64","395.59","395.29","394.10","395.23","395.75","396.06","394.79","394.91","394.91","396.44","396.13","395.83","394.71","395.37","395.40","393.96","393.27","395.64","393.47","395.00","395.25","395.56","395.19","394.27","395.99","396.74","395.88","393.06","396.40","394.94","395.52","395.62"
"n12","48","higher","permanent","female","223.90","223.92","225.02","224.71","224.99","226.38","224.66","224.21","221.79","226.69","223.52","226.37","224.37","225.54","223.89","224.51","224.21","223.81","223.88","225.01","223.80","221.96","223.80","224.54","224.62","224.62","222.31","224.37","224.97","225.28","223.78","223.68","225.49","222.33","223.56","224.46","222.38","224.28","225.88","224.00","223.72","224.47","223.72","224.81","224.90","224.00","222.82","222.68","223.41","224.80","222.04","222.11","223.35","224.39","223.09","224.89","224.33","223.83","224.82","224.39","223.55","224.23","224.65","224.36","223.34","224.86","225.15"
"n13","35","higher","permanent","female"," 92.08"," 91.94"," 91.72"," 93.96"," 92.08"," 91.64"," 89.29"," 90.23"," 91.72"," 92.01"," 92.08"," 92.62"," 91.61"," 93.01"," 90.88"," 90.59"," 90.57"," 92.54"," 91.72"," 92.59"," 91.53"," 91.21"," 91.43"," 89.95"," 90.63"," 90.36"," 92.85"," 91.20"," 92.59"," 93.32"," 91.61"," 92.08"," 90.05"," 90.98"," 91.86"," 92.10"," 91.04"," 94.48"," 91.34"," 91.86"," 92.45"," 91.77"," 91.16"," 92.85"," 93.42"," 91.77"," 92.36"," 91.70"," 92.82"," 90.64"," 94.12"," 91.20"," 90.34"," 91.45"," 91.95"," 93.42"," 92.71"," 91.94"," 90.41"," 90.93"," 91.64"," 94.35"," 89.94"," 92.93"," 91.27"," 93.47"," 90.66"
"n14","38","illiteracy","permanent","female","119.14","117.90","119.90","120.48","120.95","119.80","120.84","120.25","118.87","119.48","118.03","118.81","120.22","119.54","119.46","117.96","118.40","118.24","119.40","118.01","119.56","117.88","120.83","119.46","118.30","119.24","118.65","119.37","119.24","117.99","118.21","119.30","120.64","120.08","118.38","119.83","118.95","119.30","119.26","121.58","117.81","119.10","117.22","119.59","120.10","120.45","117.07","119.41","120.59","118.59","118.79","118.96","119.37","119.67","120.32","118.90","119.20","121.49","119.43","119.19","117.66","119.00","118.78","118.99","118.42","118.31","118.28"
"n15","46","illiteracy","permanent","female","376.79","378.37","378.05","376.64","375.31","376.16","376.54","377.10","376.34","379.01","376.73","375.79","376.86","375.99","377.16","377.23","377.36","375.38","377.22","377.31","375.58","377.96","377.78","379.30","377.16","377.05","377.10","377.07","375.15","375.33","376.92","376.42","377.05","374.89","375.50","375.90","377.99","375.90","376.20","377.08","376.68","377.15","379.31","375.88","376.69","376.48","378.51","376.23","376.92","377.79","375.94","378.66","377.68","375.93","377.45","376.79","377.31","376.91","378.07","375.65","376.48","376.75","376.00","375.96","376.98","376.87","374.45"
"n16","57","illiteracy","permanent","female","401.04","400.25","402.42","400.69","399.55","402.80","402.83","398.78","400.47","399.79","400.19","400.23","398.74","400.29","401.75","399.84","399.84","401.40","400.90","398.35","400.23","401.65","401.42","400.42","400.72","398.80","400.30","399.05","399.54","400.94","398.86","400.27","400.43","400.05","401.82","398.98","400.61","399.91","399.74","400.46","398.98","398.69","399.51","401.75","400.06","400.33","399.81","400.47","399.05","401.16","400.58","399.19","400.05","400.72","400.56","401.48","399.39","401.12","401.04","399.84","399.02","398.91","400.46","399.93","401.78","400.54","399.63"
"n17","44","illiteracy","permanent","female","138.47","138.92","139.84","139.05","140.01","139.17","139.39","138.77","141.41","139.83","139.73","137.81","140.16","138.48","138.61","140.42","139.05","137.75","141.27","137.12","140.07","140.52","138.87","139.94","139.94","140.54","139.98","139.26","140.42","140.30","138.56","138.10","139.66","139.23","138.51","139.58","138.18","139.66","138.88","140.46","141.92","138.58","140.56","140.33","139.43","139.05","141.08","137.49","138.86","138.06","140.90","139.31","138.98","142.68","139.45","139.06","139.80","137.93","139.99","139.40","139.97","138.52","138.48","138.81","138.73","140.80","141.08"
"n18","30","illiteracy","permanent","female","139.34","139.14","139.17","139.57","139.60","139.79","138.75","138.65","140.70","138.95","139.80","139.44","138.54","140.09","139.67","140.90","139.62","139.17","139.78","138.31","138.66","140.01","139.17","139.43","139.38","138.85","137.48","139.85","140.26","138.21","140.98","139.89","140.84","138.54","139.67","139.40","140.27","138.92","139.49","137.72","138.72","139.63","138.79","139.46","139.03","140.11","140.67","138.68","139.19","140.94","137.30","139.18","141.56","141.69","139.66","138.64","139.67","138.85","140.95","138.69","139.87","140.12","138.74","140.35","138.75","140.13","140.60"
"n19","62","illiteracy","permanent","female"," 53.01"," 55.11"," 53.51"," 54.29"," 54.20"," 53.57"," 54.27"," 52.77"," 53.86"," 54.83"," 51.83"," 52.51"," 52.84"," 52.41"," 54.42"," 53.01"," 51.84"," 53.36"," 53.61"," 54.86"," 52.90"," 55.16"," 54.40"," 54.36"," 53.15"," 55.95"," 53.84"," 52.18"," 53.80"," 52.07"," 53.69"," 53.58"," 54.68"," 55.01"," 53.27"," 54.81"," 55.42"," 53.22"," 53.35"," 54.65"," 54.18"," 54.55"," 55.40"," 54.39"," 55.05"," 54.62"," 54.43"," 54.39"," 55.29"," 53.00"," 52.89"," 54.59"," 53.88"," 54.07"," 54.74"," 54.75"," 53.74"," 53.69"," 54.07"," 55.06"," 54.43"," 55.43"," 53.99"," 55.13"," 54.88"," 54.61"," 54.41"
"n20","56","illiteracy","permanent","female","341.72","341.89","342.23","342.05","342.94","341.89","341.93","341.52","341.86","341.93","339.69","340.64","341.93","341.73","340.80","340.01","341.65","342.65","343.77","341.96","343.49","342.08","342.12","342.32","341.13","341.95","342.91","341.25","341.68","340.85","342.35","342.42","342.65","340.78","342.11","341.06","342.00","343.34","341.50","342.72","341.25","341.52","342.44","341.32","340.30","343.27","342.36","341.42","340.01","343.90","345.39","342.21","342.85","343.22","341.30","341.65","340.27","341.26","342.62","341.71","341.79","341.89","340.14","342.84","340.56","341.79","341.56"
"n21","19","illiteracy","permanent","female"," 77.28"," 78.96"," 76.92"," 76.72"," 75.98"," 76.69"," 76.33"," 77.91"," 76.64"," 77.80"," 77.35"," 76.07"," 76.71"," 78.39"," 78.40"," 79.51"," 77.50"," 76.00"," 76.73"," 77.91"," 79.40"," 77.61"," 78.64"," 78.27"," 76.33"," 77.33"," 78.81"," 78.38"," 77.96"," 77.98"," 77.01"," 76.18"," 78.80"," 76.08"," 76.56"," 78.13"," 76.24"," 76.95"," 76.32"," 78.12"," 77.95"," 77.92"," 77.94"," 78.06"," 78.14"," 75.53"," 77.35"," 77.61"," 78.22"," 76.31"," 77.00"," 76.43"," 78.56"," 78.78"," 78.29"," 76.28"," 77.95"," 78.65"," 77.67"," 76.93"," 76.41"," 76.83"," 78.21"," 77.07"," 77.73"," 78.79"," 78.08"
"n22","26","illiteracy","permanent","female","157.36","154.30","155.72","156.07","156.58","154.83","156.81","156.31","156.26","156.51","155.88","156.93","156.65","155.85","157.04","156.29","156.67","155.41","157.58","156.00","156.85","155.90","155.72","156.78","154.42","156.48","156.39","153.30","156.37","153.83","156.66","155.55","155.31","155.99","157.37","155.36","156.56","156.34","154.82","154.26","154.01","156.55","155.97","157.85","156.57","156.85","157.33","155.50","156.51","156.87","157.37","156.76","156.42","155.13","156.73","156.50","156.63","156.42","155.80","155.92","156.69","156.17","155.17","155.71","154.68","155.03","155.86"
"n23","57","illiteracy","permanent","female","348.20","348.31","351.10","349.42","348.15","349.89","351.32","350.66","350.44","351.18","349.23","350.73","349.41","350.00","352.21","350.97","350.77","348.89","349.21","352.28","348.91","350.21","350.89","351.02","351.09","349.84","349.18","349.69","349.10","350.63","351.12","352.13","350.37","349.13","351.02","350.90","349.76","348.44","350.76","351.13","349.70","350.54","349.72","350.68","349.88","349.66","350.11","349.72","349.41","349.68","349.99","350.21","351.53","348.64","349.80","350.63","351.76","350.43","349.99","349.69","350.41","350.99","349.82","350.16","350.22","350.73","351.11"
"n24","55","illiteracy","permanent","female","427.28","426.92","428.39","427.16","428.58","426.94","427.61","425.45","426.89","426.98","426.24","425.96","427.95","427.91","425.70","427.42","425.89","425.95","427.53","426.31","427.99","427.04","427.54","426.48","425.85","427.91","427.24","426.76","427.07","428.33","426.30","426.25","426.38","425.42","427.82","427.19","427.21","426.96","426.49","426.18","427.85","425.57","427.44","426.21","427.28","426.26","426.48","428.77","427.67","424.86","427.13","426.55","425.86","427.21","427.13","426.67","428.97","424.75","427.84","426.71","427.66","426.55","426.41","425.29","426.79","429.48","427.99"
"n25","15","illiteracy","permanent","female"," 41.68"," 40.91"," 41.14"," 40.90"," 40.48"," 39.42"," 39.47"," 38.40"," 39.99"," 40.90"," 41.03"," 40.10"," 39.45"," 43.29"," 40.74"," 41.42"," 39.66"," 39.96"," 40.45"," 41.68"," 39.69"," 40.85"," 37.91"," 39.49"," 38.71"," 41.11"," 39.84"," 39.61"," 41.37"," 41.12"," 39.10"," 40.43"," 38.77"," 39.52"," 41.62"," 41.45"," 41.11"," 39.43"," 38.12"," 38.82"," 40.95"," 39.71"," 37.84"," 39.82"," 41.41"," 40.64"," 39.18"," 38.45"," 39.17"," 40.03"," 40.89"," 38.06"," 41.02"," 40.01"," 40.57"," 38.35"," 39.33"," 39.55"," 41.04"," 41.03"," 40.44"," 41.60"," 39.48"," 41.01"," 39.96"," 39.33"," 40.92"
"n26","14","illiteracy","permanent","female"," 66.38"," 65.88"," 64.49"," 64.53"," 66.38"," 65.35"," 65.83"," 64.66"," 66.26"," 64.19"," 65.63"," 64.18"," 62.54"," 63.66"," 65.14"," 65.88"," 63.25"," 63.75"," 66.76"," 64.57"," 65.51"," 64.47"," 64.70"," 65.09"," 65.01"," 64.81"," 64.53"," 61.95"," 66.87"," 66.79"," 63.90"," 64.83"," 66.38"," 66.00"," 66.28"," 63.93"," 67.58"," 63.87"," 65.75"," 65.14"," 64.60"," 64.62"," 64.01"," 66.62"," 65.09"," 65.26"," 65.21"," 64.62"," 63.87"," 65.25"," 62.91"," 63.58"," 63.92"," 63.92"," 65.11"," 66.60"," 63.48"," 65.43"," 65.90"," 64.01"," 64.95"," 65.82"," 64.74"," 64.78"," 65.31"," 64.94"," 64.44"
"n27","25","illiteracy","permanent","female","162.36","164.38","163.37","161.59","161.26","162.14","163.83","162.79","161.80","163.38","162.37","161.38","162.96","164.02","162.93","162.69","161.84","163.07","161.43","160.85","162.46","162.47","164.87","161.28","162.67","163.31","163.55","162.49","161.76","162.43","164.44","162.98","160.46","163.92","163.04","162.47","162.48","162.35","162.76","162.00","162.78","161.57","162.70","163.61","163.01","163.53","161.41","162.55","163.12","161.43","164.07","161.47","162.66","162.65","162.62","162.29","162.95","161.47","161.21","161.85","162.44","163.76","164.09","162.82","162.88","162.26","162.55"
"n28","28","illiteracy","permanent","female","161.10","162.79","161.96","162.83","162.15","161.84","162.28","162.13","163.59","162.71","162.93","161.26","164.00","162.66","161.64","162.81","163.37","161.12","164.19","162.34","163.62","162.57","162.17","160.67","161.40","162.46","163.33","160.62","163.88","163.90","161.36","162.97","161.47","162.37","163.43","163.37","161.65","162.11","161.52","162.84","160.94","159.87","163.97","164.77","162.04","163.26","162.49","163.97","163.05","162.70","160.70","163.58","162.15","161.10","162.30","162.37","163.56","161.33","161.94","163.99","163.86","163.66","164.16","162.70","161.92","163.06","163.56"
"n29","24","illiteracy","permanent","female","164.91","160.54","162.77","163.15","162.45","160.94","163.24","161.72","163.01","163.41","163.78","160.94","163.58","161.74","161.21","163.81","163.65","162.26","163.26","161.64","162.35","162.41","162.22","163.23","164.04","162.04","162.47","164.14","162.17","159.90","163.01","161.61","161.50","163.92","164.95","161.46","163.53","162.41","162.64","163.72","162.71","161.65","162.03","163.19","160.16","163.60","160.93","162.52","162.31","163.79","162.69","162.60","163.20","161.67","162.30","163.68","163.18","161.22","163.14","161.12","161.90","163.71","160.25","160.72","163.80","161.69","163.74"
"n30","55","illiteracy","permanent","female","324.83","325.43","325.81","324.35","324.70","324.58","327.82","325.13","325.47","324.66","324.76","326.38","324.66","325.02","325.38","324.57","326.96","323.57","327.01","324.65","326.36","323.00","325.96","325.88","323.73","324.23","325.19","326.14","324.23","324.78","326.57","323.87","325.95","325.45","323.89","324.33","325.78","325.25","326.43","324.40","323.29","326.05","324.39","325.12","326.72","324.75","326.55","323.90","325.93","325.25","324.26","323.72","325.08","325.26","325.28","325.54","324.54","324.49","325.24","324.46","326.22","325.17","324.38","323.19","324.36","327.05","324.44"
"n31","19","primary","temporary","female"," 17.16"," 18.65"," 18.44"," 18.75"," 17.72"," 19.12"," 16.83"," 17.95"," 17.30"," 18.68"," 18.13"," 19.11"," 20.06"," 18.14"," 17.47"," 17.18"," 17.74"," 17.93"," 19.99"," 16.87"," 16.91"," 17.59"," 18.59"," 18.82"," 17.09"," 18.13"," 17.96"," 19.20"," 19.09"," 17.69"," 18.05"," 18.65"," 16.35"," 17.69"," 18.57"," 17.48"," 17.94"," 17.98"," 17.28"," 17.01"," 17.80"," 17.65"," 18.83"," 19.53"," 17.99"," 18.40"," 17.93"," 18.60"," 18.22"," 18.24"," 19.11"," 17.01"," 19.45"," 18.35"," 18.18"," 17.44"," 17.84"," 18.37"," 15.94"," 17.40"," 18.59"," 17.71"," 17.20"," 17.36"," 18.24"," 16.37"," 18.87"
"n32","25","primary","temporary","female","125.43","127.10","126.81","126.35","126.52","127.85","127.48","127.30","125.28","126.28","127.47","126.72","126.80","128.65","127.78","126.56","127.13","127.32","126.92","126.64","127.55","128.34","127.83","127.40","127.99","128.39","127.46","128.06","126.45","127.35","127.18","127.80","127.96","127.48","126.83","126.67","127.88","128.96","126.81","127.22","127.93","127.05","127.72","127.55","126.82","128.43","128.45","128.62","128.87","127.09","127.14","127.86","128.23","127.26","127.18","126.98","129.08","125.09","127.43","127.64","126.54","127.99","125.63","128.55","125.94","125.40","126.84"
"n33","19","primary","temporary","female"," 30.16"," 29.35"," 29.44"," 30.33"," 28.94"," 29.91"," 30.50"," 31.63"," 30.48"," 31.71"," 30.45"," 30.00"," 27.74"," 28.78"," 29.68"," 30.71"," 29.68"," 30.54"," 28.94"," 29.73"," 30.22"," 29.64"," 30.11"," 29.33"," 30.37"," 29.92"," 29.95"," 28.05"," 29.33"," 28.51"," 28.39"," 29.51"," 29.84"," 30.28"," 31.09"," 30.44"," 31.01"," 29.47"," 29.69"," 31.09"," 30.00"," 28.32"," 29.15"," 31.01"," 29.39"," 30.33"," 30.01"," 29.50"," 29.65"," 30.39"," 30.21"," 31.23"," 29.80"," 29.08"," 30.17"," 30.71"," 32.28"," 29.54"," 29.67"," 30.88"," 31.28"," 29.34"," 30.66"," 29.43"," 29.04"," 30.62"," 30.11"
"n34","62","primary","temporary","female","189.89","188.92","191.29","190.17","189.13","190.20","188.29","189.36","190.90","189.31","190.41","189.28","187.20","188.62","189.72","190.95","188.91","189.78","188.54","188.48","188.72","190.87","190.44","190.09","190.62","189.08","190.26","189.71","188.45","188.67","189.55","189.71","189.18","188.50","187.41","189.93","189.20","190.05","187.95","188.25","189.39","188.09","187.52","190.28","190.40","188.47","189.23","188.37","189.82","189.47","188.63","188.73","188.44","189.94","190.07","189.88","188.66","187.71","190.03","189.32","189.46","190.53","188.61","190.64","189.09","188.79","189.29"
"n35","25","primary","temporary","female"," 50.39"," 49.79"," 49.10"," 49.72"," 47.46"," 49.49"," 50.46"," 49.83"," 50.69"," 50.49"," 50.65"," 50.66"," 48.26"," 50.00"," 51.63"," 49.52"," 50.45"," 50.14"," 50.56"," 49.73"," 49.35"," 50.07"," 50.21"," 49.81"," 50.03"," 50.41"," 49.22"," 51.14"," 52.20"," 51.48"," 49.55"," 48.18"," 50.05"," 50.88"," 50.78"," 48.77"," 48.89"," 50.13"," 50.63"," 50.87"," 50.82"," 49.03"," 48.69"," 47.99"," 50.50"," 50.83"," 50.34"," 48.94"," 51.57"," 49.63"," 51.78"," 50.55"," 51.19"," 50.33"," 49.94"," 48.99"," 49.44"," 49.95"," 50.28"," 49.97"," 49.82"," 50.18"," 49.48"," 49.46"," 48.54"," 50.85"," 50.05"
"n36","27","primary","temporary","female","111.92","111.26","111.75","110.91","110.95","110.08","112.98","112.13","110.88","113.16","112.62","112.74","111.77","111.58","111.90","112.40","112.80","113.59","111.49","110.98","112.10","115.02","111.57","113.15","111.76","111.52","111.29","111.79","113.64","112.30","112.49","112.84","114.07","112.78","110.57","110.97","110.41","109.15","113.29","111.51","112.39","113.18","111.49","111.87","112.35","112.23","111.23","112.73","112.55","111.71","110.78","112.63","113.43","113.38","112.87","111.52","111.47","111.41","111.59","112.71","112.26","110.14","110.14","111.98","112.15","109.69","111.18"
"n37","22","primary","temporary","female"," 82.03"," 83.46"," 79.99"," 80.74"," 80.92"," 82.18"," 82.33"," 81.68"," 80.39"," 81.37"," 81.44"," 81.80"," 83.62"," 81.32"," 82.08"," 81.29"," 80.76"," 82.64"," 80.95"," 84.74"," 82.09"," 82.06"," 81.93"," 83.84"," 82.66"," 81.75"," 80.83"," 80.96"," 81.22"," 83.21"," 81.81"," 81.24"," 82.79"," 83.35"," 81.31"," 81.56"," 82.35"," 82.00"," 82.41"," 83.71"," 81.94"," 81.72"," 82.49"," 81.95"," 82.63"," 81.78"," 82.44"," 80.44"," 82.01"," 81.48"," 80.81"," 81.59"," 82.37"," 82.09"," 82.69"," 82.94"," 82.83"," 81.68"," 80.67"," 81.72"," 83.17"," 81.88"," 80.36"," 82.49"," 82.28"," 81.60"," 82.17"
"n38","25","primary","temporary","female"," 88.87"," 88.80"," 87.04"," 87.51"," 86.05"," 86.77"," 89.51"," 89.00"," 87.27"," 86.81"," 86.13"," 89.63"," 87.61"," 86.91"," 88.58"," 86.40"," 88.23"," 88.94"," 87.29"," 88.95"," 88.14"," 86.82"," 88.07"," 86.80"," 86.97"," 88.27"," 87.02"," 87.48"," 88.52"," 86.29"," 89.10"," 89.54"," 88.11"," 87.92"," 87.00"," 87.99"," 87.00"," 87.79"," 86.81"," 88.29"," 88.19"," 88.74"," 89.48"," 86.85"," 88.47"," 86.07"," 87.04"," 88.45"," 86.76"," 87.85"," 86.60"," 87.13"," 87.46"," 86.89"," 85.55"," 87.74"," 87.97"," 87.64"," 87.01"," 88.40"," 88.58"," 85.13"," 88.62"," 85.72"," 87.16"," 86.39"," 86.87"
"n39","35","primary","temporary","female","601.32","600.53","600.49","597.92","600.20","600.63","600.86","599.03","600.94","598.60","601.74","599.20","600.77","600.32","598.94","601.14","600.03","600.82","600.22","600.87","600.02","601.12","599.65","600.53","600.38","600.84","599.38","600.18","599.42","600.91","599.36","601.73","600.79","599.99","601.21","599.92","600.56","600.53","600.42","599.40","598.75","598.32","599.54","600.68","599.76","598.80","602.16","600.70","601.95","601.21","599.39","599.59","598.56","600.74","601.62","599.08","598.80","600.88","598.48","601.92","600.57","598.29","600.35","600.11","597.53","599.96","599.41"
"n40","28","primary","temporary","female","115.61","116.74","117.35","118.23","113.87","117.24","115.55","117.66","116.85","117.94","115.02","116.99","116.80","117.55","116.27","117.64","116.06","116.07","116.53","115.43","116.04","117.61","118.15","117.61","116.08","116.82","116.60","115.24","116.76","115.68","115.44","117.23","115.79","116.36","115.53","116.56","116.99","117.00","115.42","117.76","117.99","116.87","116.66","116.58","116.76","116.88","116.64","117.15","116.16","117.63","116.46","114.74","116.40","116.95","117.73","116.56","114.56","116.50","115.30","115.52","115.47","115.70","117.64","115.67","116.06","116.68","117.39"
"n41","27","secondary","temporary","female"," 74.33"," 74.17"," 74.48"," 73.83"," 75.92"," 72.82"," 74.47"," 73.56"," 73.04"," 75.03"," 76.54"," 76.63"," 74.44"," 74.30"," 74.46"," 75.71"," 72.44"," 75.25"," 74.59"," 74.26"," 72.99"," 74.79"," 73.35"," 74.98"," 74.11"," 75.05"," 75.46"," 74.50"," 73.98"," 74.39"," 74.33"," 73.51"," 74.22"," 74.81"," 74.78"," 75.33"," 76.29"," 75.33"," 76.48"," 74.35"," 76.35"," 75.59"," 73.81"," 75.40"," 73.76"," 75.95"," 74.46"," 74.76"," 74.32"," 74.15"," 76.70"," 75.99"," 75.68"," 75.07"," 75.74"," 75.66"," 76.60"," 75.85"," 74.79"," 74.79"," 74.53"," 74.64"," 74.76"," 76.22"," 72.67"," 74.30"," 74.87"
"n42","22","secondary","temporary","female","125.72","128.62","126.77","125.88","126.11","127.87","128.87","126.88","127.11","126.05","128.32","127.72","124.67","126.35","126.77","125.89","126.73","125.87","127.36","127.34","127.81","127.42","128.59","126.61","124.85","127.03","127.65","126.60","128.40","128.09","127.54","127.07","126.45","126.82","127.47","127.97","126.70","126.27","129.48","127.52","126.10","127.93","127.06","127.83","127.05","126.94","127.09","127.41","126.39","126.34","126.82","127.17","126.68","127.32","125.90","125.57","128.89","127.40","126.60","126.72","127.79","126.79","127.19","126.74","126.50","127.60","127.14"
"n43","26","secondary","temporary","female","325.30","322.87","323.86","323.79","322.93","325.00","323.89","322.61","323.41","322.89","325.04","326.54","323.33","323.91","324.28","326.71","321.67","323.49","322.80","323.77","323.72","323.27","325.83","324.26","326.39","324.82","322.73","323.25","324.27","323.42","324.35","324.73","324.42","323.87","323.36","322.71","324.34","324.92","323.92","324.75","326.23","325.93","323.51","324.55","323.30","324.69","323.94","324.28","323.14","325.21","323.92","323.55","323.92","324.08","325.64","322.89","326.46","323.23","324.17","321.94","323.35","324.73","324.51","324.41","323.53","322.16","322.93"
"n44","30","secondary","temporary","female","149.77","150.62","150.84","149.70","149.85","149.84","150.06","151.54","149.27","149.80","150.08","148.66","149.08","150.20","150.43","151.14","149.53","151.45","149.14","148.40","148.05","151.10","150.30","149.87","149.71","151.59","151.20","149.00","148.61","151.09","150.56","149.49","150.40","147.98","149.33","150.44","149.93","148.72","151.02","151.16","149.06","149.81","150.73","150.86","149.47","149.12","150.35","148.08","149.05","150.77","148.30","148.80","149.76","149.70","148.25","150.51","148.98","149.84","149.80","150.70","149.93","149.87","151.65","150.37","150.62","150.47","150.57"
"n45","25","secondary","temporary","female","136.34","134.94","135.24","136.97","134.47","136.29","134.39","136.71","134.33","134.19","136.04","135.96","135.55","135.27","135.24","137.05","133.57","134.01","133.72","135.96","134.75","134.87","136.78","134.42","137.02","133.59","136.32","135.32","134.61","134.83","136.34","136.70","133.32","138.42","137.58","134.47","134.94","134.34","134.91","135.74","135.10","135.19","136.48","132.80","134.51","135.14","134.22","136.06","134.55","134.57","136.19","135.83","134.85","134.67","133.55","134.30","137.60","134.96","135.91","134.82","135.61","134.95","136.36","134.50","133.29","135.90","134.76"
"n46","18","secondary","temporary","female"," 63.96"," 62.62"," 63.95"," 62.85"," 62.15"," 63.23"," 62.04"," 64.18"," 62.65"," 60.47"," 62.03"," 60.87"," 60.32"," 62.56"," 63.15"," 61.74"," 61.17"," 61.90"," 60.95"," 63.20"," 63.07"," 60.90"," 61.88"," 63.55"," 62.33"," 62.51"," 62.92"," 63.13"," 63.71"," 63.27"," 61.12"," 62.14"," 62.80"," 62.39"," 60.32"," 61.74"," 63.51"," 62.66"," 61.03"," 62.72"," 62.34"," 63.17"," 64.61"," 60.98"," 61.99"," 62.36"," 60.36"," 62.47"," 61.91"," 64.74"," 59.58"," 63.99"," 63.51"," 63.24"," 62.65"," 61.79"," 63.61"," 61.61"," 63.19"," 62.90"," 63.58"," 61.90"," 61.92"," 62.80"," 62.81"," 63.87"," 62.99"
"n47","25","secondary","temporary","female"," 97.14"," 97.84"," 96.46"," 98.09"," 95.98"," 97.34"," 95.29"," 97.25"," 95.43"," 96.77"," 95.24"," 96.36"," 96.22"," 97.55"," 96.42"," 96.23"," 98.22"," 98.67"," 98.09"," 95.51"," 98.28"," 95.77"," 96.93"," 97.73"," 96.79"," 96.85"," 97.13"," 97.43"," 97.41"," 95.27"," 96.82"," 97.29"," 97.59"," 96.68"," 96.30"," 95.63"," 96.27"," 96.88"," 96.36"," 97.59"," 97.37"," 95.39"," 97.32"," 97.54"," 96.74"," 96.97"," 96.57"," 96.71"," 95.99"," 97.43"," 95.78"," 96.41"," 96.09"," 96.13"," 96.63"," 96.51"," 96.30"," 96.75"," 95.42"," 97.11"," 97.63"," 95.72"," 95.59"," 99.23"," 97.24"," 97.05"," 96.80"
"n48","16","secondary","temporary","female"," 54.49"," 54.04"," 53.45"," 53.57"," 53.66"," 53.68"," 53.25"," 55.07"," 54.09"," 53.23"," 54.59"," 54.35"," 53.86"," 54.40"," 53.09"," 53.80"," 53.00"," 52.82"," 53.67"," 54.17"," 53.09"," 53.82"," 52.17"," 53.55"," 55.17"," 52.85"," 52.81"," 53.78"," 54.53"," 55.24"," 56.65"," 54.80"," 54.67"," 56.03"," 53.70"," 53.79"," 54.25"," 52.58"," 52.16"," 55.81"," 53.43"," 53.54"," 53.01"," 54.14"," 54.59"," 53.77"," 54.01"," 54.95"," 53.99"," 53.44"," 53.94"," 53.16"," 54.10"," 53.10"," 55.39"," 51.51"," 54.40"," 53.51"," 55.99"," 53.77"," 54.48"," 54.39"," 54.25"," 54.52"," 56.00"," 54.93"," 54.20"
"n49","27","secondary","temporary","female","122.29","121.08","121.15","121.75","120.66","121.23","120.23","120.62","120.54","119.86","122.53","119.94","120.14","121.82","120.48","121.67","119.89","120.49","120.25","119.53","120.20","119.84","121.36","120.21","120.42","119.67","120.72","118.89","117.55","122.38","121.26","121.13","118.26","121.18","121.02","120.42","121.33","121.62","120.38","122.45","121.49","121.72","120.18","120.37","119.58","120.91","120.76","120.59","119.82","120.27","122.49","119.57","120.09","119.10","119.26","120.21","120.11","119.88","119.73","120.30","121.63","120.14","119.22","119.43","118.50","118.79","119.75"
"n50","47","higher","temporary","female","949.02","948.85","951.99","951.75","952.56","950.78","949.84","948.96","948.90","949.50","951.28","950.67","950.89","949.81","948.45","950.33","949.79","949.70","952.18","950.87","949.77","948.10","949.71","950.99","950.37","950.27","951.05","949.83","949.65","949.75","950.73","949.73","950.76","948.77","948.73","950.13","950.76","949.59","949.42","947.16","950.37","949.10","950.40","951.43","949.50","950.70","949.85","950.37","948.84","950.42","951.30","951.80","948.81","950.53","949.49","950.52","949.82","949.75","950.68","950.75","950.28","950.46","950.38","950.28","950.09","950.92","950.71"
"n51","57","illiteracy","temporary","female","120.79","121.11","120.55","119.85","118.91","119.51","119.13","119.70","119.47","119.80","118.98","119.38","120.36","120.21","119.60","121.01","118.36","120.48","121.57","119.59","120.39","119.44","119.98","120.82","119.09","119.45","120.53","120.42","120.81","121.25","120.77","118.92","120.15","119.60","119.99","120.92","120.28","120.16","119.88","120.40","118.82","119.58","121.62","120.62","119.04","118.77","119.04","120.58","120.43","119.43","119.63","120.98","119.69","119.94","120.35","119.82","119.26","119.59","118.92","120.47","121.33","120.24","120.81","119.35","119.86","119.86","118.57"
"n52","38","illiteracy","temporary","female","132.09","132.48","132.68","133.32","130.53","132.62","132.72","131.79","132.60","130.59","132.21","128.87","132.31","133.60","133.54","129.34","132.54","131.65","131.97","129.78","132.39","131.47","132.37","131.81","130.97","132.33","132.60","132.05","132.57","131.54","133.28","131.64","131.42","133.04","133.11","132.68","132.22","133.59","130.99","133.14","133.71","132.05","132.59","132.61","133.19","131.14","132.90","130.29","134.08","131.43","131.68","132.26","130.75","131.74","132.06","131.66","134.03","130.21","131.89","133.18","131.16","131.86","133.94","130.13","131.20","130.80","132.63"
"n53","18","illiteracy","temporary","female"," 29.13"," 30.47"," 29.35"," 29.85"," 30.86"," 30.14"," 28.06"," 29.46"," 30.71"," 31.86"," 28.89"," 29.77"," 29.92"," 29.27"," 28.62"," 31.84"," 31.48"," 28.59"," 28.12"," 29.72"," 30.43"," 29.87"," 31.13"," 29.75"," 28.83"," 31.52"," 29.77"," 29.72"," 29.74"," 30.06"," 27.68"," 30.68"," 30.72"," 30.63"," 29.59"," 30.10"," 28.57"," 30.36"," 29.18"," 31.32"," 29.07"," 27.94"," 30.17"," 28.37"," 29.07"," 30.80"," 31.87"," 29.74"," 30.97"," 28.62"," 31.73"," 29.99"," 29.22"," 30.40"," 29.19"," 30.05"," 30.10"," 31.17"," 29.43"," 29.62"," 30.12"," 30.90"," 31.90"," 31.58"," 30.96"," 28.10"," 30.95"
"n54","12","illiteracy","temporary","female"," 24.75"," 23.30"," 23.44"," 22.63"," 23.99"," 24.09"," 22.25"," 22.42"," 24.17"," 22.97"," 23.70"," 25.01"," 23.57"," 24.13"," 24.62"," 22.88"," 25.24"," 24.92"," 25.27"," 23.57"," 22.54"," 24.51"," 24.62"," 26.54"," 25.72"," 23.54"," 22.99"," 24.62"," 25.99"," 22.82"," 23.22"," 25.75"," 25.84"," 24.19"," 22.38"," 23.46"," 25.17"," 26.15"," 23.98"," 23.37"," 24.31"," 24.14"," 23.09"," 24.59"," 25.39"," 24.01"," 24.63"," 24.25"," 24.46"," 23.79"," 25.20"," 24.23"," 23.50"," 24.63"," 24.96"," 23.93"," 21.32"," 25.64"," 23.25"," 23.65"," 25.62"," 22.10"," 22.89"," 23.25"," 22.69"," 25.10"," 25.26"
"n55","55","illiteracy","temporary","female"," 75.50"," 74.56"," 74.58"," 74.43"," 74.48"," 75.48"," 75.91"," 74.54"," 75.32"," 72.61"," 75.08"," 74.12"," 76.10"," 76.19"," 72.80"," 75.92"," 74.43"," 74.84"," 75.90"," 75.69"," 74.18"," 75.32"," 74.53"," 76.25"," 73.43"," 75.82"," 76.39"," 72.39"," 75.65"," 74.64"," 75.11"," 74.73"," 75.69"," 75.93"," 75.59"," 74.89"," 74.58"," 74.86"," 74.77"," 75.21"," 74.18"," 75.58"," 74.00"," 73.52"," 75.26"," 75.42"," 76.03"," 75.73"," 75.22"," 75.69"," 74.02"," 73.86"," 73.78"," 75.04"," 75.66"," 75.91"," 76.48"," 75.33"," 74.87"," 74.34"," 75.25"," 74.94"," 74.67"," 74.32"," 73.99"," 74.02"," 76.47"
"n56","18","illiteracy","temporary","female"," 42.25"," 41.57"," 40.42"," 42.19"," 41.50"," 41.91"," 41.79"," 42.78"," 41.93"," 41.82"," 44.37"," 43.09"," 42.13"," 41.27"," 43.18"," 41.07"," 41.95"," 42.85"," 41.59"," 41.63"," 42.44"," 42.14"," 41.75"," 41.79"," 42.25"," 42.47"," 43.29"," 41.58"," 43.32"," 40.53"," 41.35"," 40.65"," 42.31"," 42.42"," 40.63"," 42.05"," 41.09"," 42.49"," 40.45"," 42.86"," 41.96"," 40.96"," 41.92"," 41.73"," 41.64"," 40.50"," 41.41"," 41.83"," 40.52"," 42.30"," 43.37"," 42.78"," 41.20"," 41.34"," 41.53"," 42.61"," 41.96"," 41.05"," 40.49"," 42.56"," 40.96"," 42.50"," 42.07"," 42.72"," 43.09"," 40.58"," 43.02"
"n57","32","illiteracy","temporary","female","100.69"," 99.69"," 99.98","100.49","100.66"," 98.29","101.46"," 98.59"," 97.92","100.95"," 98.49"," 99.78"," 98.65"," 98.21"," 99.56","100.65","100.32"," 99.36"," 99.98"," 99.90"," 99.98"," 99.55","100.36"," 98.92","100.38"," 99.66"," 99.66","100.71"," 99.57"," 99.01"," 98.80","100.67"," 97.67"," 99.58","100.18"," 98.63","100.01","100.67"," 98.18"," 99.11","101.76"," 99.35"," 99.03"," 99.14"," 99.57","100.19"," 99.30","100.20","100.70","100.34","100.75"," 99.20"," 99.88","100.66","100.05","100.21","100.05","100.18"," 99.98"," 98.90","100.17"," 99.54","101.44"," 99.47","100.15"," 98.03"," 99.34"
"n58","41","illiteracy","temporary","female","134.67","136.73","135.35","135.64","135.80","134.97","135.80","137.01","136.12","136.21","134.67","135.68","135.79","134.84","135.62","137.47","134.53","136.05","134.43","135.85","134.46","136.09","134.23","135.52","136.84","135.28","135.39","136.90","137.54","137.98","135.11","134.44","136.15","135.94","136.79","135.65","135.66","137.01","135.66","136.18","135.98","135.46","134.97","135.16","133.55","136.78","133.90","134.91","135.13","136.71","135.56","136.44","135.21","137.17","135.99","136.05","136.38","134.02","135.49","135.71","134.73","135.51","134.78","135.72","133.72","135.78","134.86"
"n59","48","illiteracy","temporary","female","107.94","105.03","107.04","106.78","107.94","105.42","106.45","107.71","107.61","107.36","107.29","105.33","107.85","107.22","105.19","106.83","107.95","107.70","106.37","107.91","106.60","107.38","107.93","107.39","106.35","107.82","108.48","106.07","106.82","108.00","106.15","105.28","106.51","108.07","105.64","106.75","107.96","107.05","107.57","108.62","107.90","107.59","107.49","105.84","107.84","107.54","107.40","107.06","105.73","107.15","108.25","106.39","105.20","108.84","106.44","108.14","107.62","108.66","106.96","106.70","108.73","109.16","107.32","107.17","107.74","106.33","107.50"
"n60","45","illiteracy","temporary","female"," 89.01"," 89.70"," 90.79"," 89.24"," 90.85"," 90.50"," 91.43"," 92.17"," 89.42"," 90.39"," 91.56"," 90.20"," 89.35"," 89.00"," 91.40"," 92.60"," 88.95"," 90.11"," 88.43"," 90.07"," 89.69"," 89.99"," 92.89"," 88.60"," 90.43"," 91.83"," 89.39"," 89.18"," 90.05"," 91.30"," 89.66"," 88.97"," 90.07"," 87.98"," 88.52"," 91.09"," 90.46"," 87.83"," 90.62"," 87.70"," 89.55"," 90.30"," 88.57"," 91.27"," 91.21"," 89.33"," 91.12"," 90.20"," 90.65"," 90.67"," 88.72"," 87.97"," 92.21"," 90.23"," 90.38"," 88.81"," 91.13"," 91.84"," 91.53"," 87.98"," 88.96"," 90.10"," 90.70"," 89.46"," 89.14"," 90.23"," 89.06"
"n61","40","illiteracy","temporary","female","164.04","160.17","162.51","160.00","161.51","163.48","163.12","160.60","160.52","162.06","161.05","162.41","161.02","160.39","161.57","160.78","163.09","161.67","161.96","163.38","163.86","161.95","162.33","163.31","161.83","160.96","162.99","160.48","161.75","161.60","161.48","159.25","161.41","163.27","161.53","161.38","161.33","161.13","162.15","162.59","163.45","160.43","162.40","161.85","162.29","160.97","162.05","160.85","162.66","161.05","162.06","159.87","162.33","163.11","162.77","163.05","160.64","161.83","161.93","162.72","161.83","161.80","163.68","163.09","160.24","161.62","161.01"
"n62","22","illiteracy","temporary","female"," 52.13"," 48.67"," 50.31"," 49.26"," 49.27"," 49.66"," 49.02"," 49.99"," 49.72"," 47.47"," 48.60"," 48.64"," 48.65"," 50.23"," 50.65"," 48.24"," 49.70"," 47.99"," 48.60"," 49.46"," 48.97"," 48.48"," 47.90"," 48.85"," 49.21"," 49.72"," 48.28"," 49.75"," 48.00"," 48.61"," 49.61"," 48.47"," 48.38"," 49.11"," 49.20"," 50.09"," 48.93"," 47.46"," 48.50"," 48.53"," 48.23"," 49.48"," 51.66"," 49.95"," 49.01"," 49.66"," 50.60"," 48.85"," 49.82"," 49.72"," 49.04"," 49.22"," 49.81"," 49.13"," 48.82"," 48.57"," 49.45"," 49.10"," 48.79"," 49.34"," 48.39"," 48.36"," 50.53"," 48.28"," 49.48"," 48.19"," 48.93"
"n63","20","illiteracy","temporary","female"," 81.39"," 79.99"," 81.60"," 81.22"," 80.68"," 81.25"," 81.08"," 80.16"," 79.60"," 81.11"," 80.00"," 80.96"," 79.35"," 80.07"," 81.27"," 82.05"," 81.17"," 80.01"," 80.58"," 82.09"," 81.52"," 81.79"," 82.00"," 81.38"," 82.11"," 80.03"," 81.30"," 80.66"," 81.20"," 82.33"," 81.50"," 80.37"," 80.65"," 80.05"," 80.91"," 80.50"," 81.79"," 80.51"," 81.71"," 81.72"," 80.56"," 82.43"," 81.03"," 80.35"," 81.07"," 80.01"," 81.65"," 80.10"," 82.29"," 78.93"," 79.89"," 80.66"," 80.30"," 82.35"," 80.94"," 81.35"," 81.71"," 81.15"," 81.96"," 81.44"," 81.70"," 79.51"," 79.87"," 78.77"," 80.75"," 82.43"," 80.02"
"n64","40","illiteracy","temporary","female","105.32","105.44","105.24","104.72","104.38","104.36","105.02","106.30","104.21","104.88","105.10","105.79","104.77","105.64","103.50","105.72","105.10","103.90","102.67","104.63","105.67","105.32","104.64","105.05","105.16","104.25","105.05","105.11","104.28","105.20","105.31","105.53","105.71","105.41","105.30","104.90","105.45","103.73","105.65","104.47","107.34","104.40","102.11","106.37","104.40","105.59","105.23","106.10","104.10","103.81","106.06","104.04","103.47","105.78","104.93","107.28","105.34","104.65","104.37","106.68","103.79","105.62","105.56","104.43","106.54","104.25","104.98"
"n65","30","illiteracy","temporary","female","200.39","202.32","200.62","201.73","199.27","198.25","200.89","198.37","198.66","200.61","199.94","200.85","201.43","200.91","200.38","200.55","200.14","201.71","200.05","200.81","199.06","200.04","198.00","200.14","198.51","199.87","199.76","200.97","199.36","199.34","198.03","200.62","201.09","199.77","201.48","199.59","199.00","200.23","200.69","198.51","198.36","200.05","200.48","197.66","198.29","200.31","200.89","199.62","201.20","199.39","199.83","201.35","199.92","200.03","199.10","200.07","199.36","198.20","199.03","199.76","200.16","201.07","200.04","199.87","201.11","202.42","199.91"
"n66","26","illiteracy","temporary","female"," 81.18"," 80.49"," 79.92"," 78.08"," 79.03"," 79.44"," 78.89"," 78.84"," 79.59"," 80.95"," 79.08"," 80.12"," 79.80"," 80.79"," 80.04"," 79.83"," 79.42"," 80.89"," 81.14"," 80.02"," 83.27"," 80.00"," 82.92"," 79.87"," 78.43"," 78.58"," 79.13"," 81.48"," 81.70"," 80.40"," 80.31"," 79.46"," 79.32"," 79.28"," 79.13"," 79.46"," 79.38"," 80.53"," 80.77"," 81.60"," 77.55"," 80.50"," 79.68"," 79.73"," 78.36"," 79.97"," 79.22"," 80.36"," 78.89"," 83.45"," 79.22"," 79.72"," 78.77"," 79.67"," 82.13"," 79.61"," 80.61"," 79.06"," 81.54"," 80.47"," 79.28"," 80.23"," 79.61"," 80.51"," 79.19"," 80.46"," 81.58"
"n67","22","illiteracy","temporary","female","126.26","125.30","125.33","125.42","125.90","125.39","125.61","125.64","125.23","125.72","125.06","126.01","124.57","125.19","125.03","123.93","126.20","123.84","126.31","123.93","124.02","125.86","124.92","123.15","126.50","122.51","124.31","123.48","124.43","125.09","124.67","124.42","124.84","125.27","124.14","122.93","124.07","123.10","125.64","126.87","123.85","124.11","124.12","125.79","125.03","125.49","125.77","125.25","125.45","123.84","124.94","124.38","123.70","123.83","125.94","123.70","124.60","125.98","125.33","125.65","125.33","124.85","122.80","124.39","123.62","124.62","127.05"
"n68","21","illiteracy","temporary","female","500.14","499.28","500.89","500.49","499.92","499.77","499.85","499.93","500.62","500.13","499.37","500.83","499.30","501.31","499.02","500.75","501.26","501.22","499.89","500.69","497.86","500.44","499.89","500.60","500.11","501.29","499.83","500.73","499.89","500.66","498.77","500.61","499.61","500.39","499.12","500.54","502.99","501.54","500.98","499.38","500.32","499.84","498.01","499.76","499.68","499.91","499.47","500.65","501.92","501.16","500.66","500.06","500.08","501.16","501.28","499.41","500.95","498.82","498.81","501.60","500.04","500.03","500.98","499.80","499.15","500.14","498.29"
"n69","19","illiteracy","temporary","female"," 99.53"," 99.84"," 98.56","100.18"," 99.27","101.11"," 99.72"," 98.91","100.24"," 99.95","100.04","100.22"," 99.61"," 99.67","100.65","101.63"," 98.07"," 99.86","100.98"," 98.82","101.17"," 99.62","100.71","101.47","100.90","101.21"," 97.79"," 98.73","100.58"," 99.09"," 99.45","101.38","100.12","100.05"," 99.75"," 98.40"," 98.12"," 99.78","100.35"," 98.68"," 98.19","101.28","100.51","100.48","100.92","100.55"," 98.94","101.25"," 98.72"," 99.52","100.33","100.28","100.59","100.88"," 99.19"," 98.71"," 98.83","100.57"," 99.54","100.41","101.18"," 99.33","100.92"," 99.36","100.62","100.03"," 99.15"
"n70","35","illiteracy","temporary","female","105.95","105.72","104.13","105.04","107.52","104.25","104.83","106.40","103.89","107.38","104.33","104.48","104.96","106.07","108.24","105.48","105.62","103.63","105.14","102.64","104.74","106.46","104.80","104.94","105.04","104.88","105.10","103.49","104.52","104.66","105.57","105.21","104.24","105.85","106.23","103.72","105.18","104.25","104.39","105.42","105.84","105.38","104.47","106.13","106.03","104.01","105.31","103.84","106.47","105.27","106.07","105.39","104.89","105.75","103.90","103.57","104.37","105.26","104.59","104.53","105.92","104.50","105.97","104.23","104.74","104.17","104.57"
"n71","30","illiteracy","temporary","female"," 98.84","100.45","101.18","100.28","101.71"," 98.36"," 99.25","100.52","100.63","100.33","101.75","101.68"," 98.54"," 99.58"," 98.57"," 98.97","100.25","100.35"," 99.22","100.30"," 99.27","100.25","100.11"," 99.72"," 99.04"," 99.53","100.49"," 99.51"," 99.67"," 98.93"," 99.57"," 99.98"," 99.27"," 99.62"," 98.90","100.75","102.21"," 99.57","100.47","101.58"," 99.62"," 99.61","100.65"," 99.05"," 99.83"," 99.45"," 99.03","100.42"," 99.86","102.17"," 97.16","100.65"," 99.18"," 99.71"," 98.91","100.58","101.36","100.49"," 99.09","101.61"," 99.84","100.18"," 99.95"," 99.78","100.08"," 98.97","101.15"
"n72","30","illiteracy","temporary","female","140.65","140.08","140.95","138.78","141.09","140.21","140.50","139.54","139.22","139.45","141.04","141.09","141.55","139.94","139.24","141.47","138.45","139.84","140.60","138.84","138.44","140.49","141.62","139.29","139.31","139.06","141.48","139.29","139.16","139.20","139.41","139.40","140.61","140.30","140.47","139.37","140.72","136.96","141.13","140.20","139.59","140.48","138.78","139.37","140.11","138.44","139.96","139.96","139.72","138.71","141.17","138.51","138.52","139.42","141.55","140.11","140.26","139.78","140.27","140.63","140.71","141.37","139.22","139.84","140.41","140.83","139.67"
"n73","36","illiteracy","temporary","female","150.65","149.45","149.66","151.01","148.12","150.22","150.93","149.66","150.62","149.29","150.17","150.01","149.97","148.72","149.84","149.19","149.64","151.02","149.43","149.97","150.10","149.81","150.81","149.96","150.15","149.11","149.62","149.35","150.47","151.15","149.54","147.78","149.15","149.07","151.18","150.14","151.56","150.40","148.45","150.49","149.25","150.00","149.90","149.86","149.67","151.92","151.51","149.11","150.20","151.15","151.10","149.10","151.41","149.30","150.13","150.17","148.08","149.87","147.90","148.03","150.32","150.34","150.97","150.38","149.33","149.20","150.80"
"n74","55","illiteracy","temporary","female","132.45","131.80","131.22","130.93","132.63","128.51","131.99","130.83","129.87","131.84","130.02","131.34","131.19","131.14","129.15","131.16","130.51","130.30","129.82","129.86","130.15","132.25","131.70","131.27","132.72","132.61","131.90","129.82","132.43","130.80","130.76","131.24","131.06","130.51","131.68","130.52","130.44","130.75","130.24","131.15","130.90","130.70","131.46","129.18","131.25","131.90","131.88","133.23","130.36","130.02","131.33","129.31","132.21","129.95","131.44","130.66","128.62","131.26","129.90","131.92","128.55","130.87","129.95","132.13","130.27","131.94","130.53"
"n75","21","illiteracy","temporary","female","120.13","121.46","119.32","121.82","120.99","121.28","117.75","119.83","118.53","120.76","121.22","119.38","119.49","118.38","120.79","121.46","118.30","118.19","121.14","121.35","120.37","120.24","119.38","120.34","119.55","122.04","119.55","116.86","120.50","118.74","120.82","118.45","119.74","120.39","119.80","118.05","118.57","119.15","121.62","119.87","121.28","120.18","119.51","121.13","118.85","121.48","120.92","120.34","120.57","120.20","119.55","119.66","119.40","121.24","120.60","119.89","118.86","120.32","118.99","119.15","122.04","118.60","119.12","119.42","119.40","118.87","119.81"
"n76","20","illiteracy","temporary","female","120.96","123.34","122.12","122.86","120.59","121.99","122.55","122.10","122.02","120.97","121.37","121.60","121.20","122.76","123.76","123.32","122.42","121.88","122.58","121.21","122.26","122.17","119.65","123.90","120.67","119.37","122.00","122.11","121.99","122.14","120.82","122.59","123.38","121.16","122.31","121.73","121.94","122.98","122.28","123.93","121.67","123.48","121.54","121.77","121.67","122.29","122.47","122.15","122.60","121.22","121.76","122.65","123.04","122.34","122.71","122.84","122.61","121.78","121.84","122.62","121.54","121.87","121.91","120.41","122.33","122.57","121.94"
"n77","60","illiteracy","temporary","female"," 80.79"," 78.82"," 79.58"," 79.53"," 79.78"," 79.42"," 78.81"," 79.56"," 79.25"," 79.24"," 79.72"," 79.77"," 78.99"," 78.61"," 80.33"," 79.05"," 78.62"," 78.05"," 79.27"," 79.39"," 77.86"," 77.65"," 79.18"," 78.18"," 80.35"," 77.89"," 77.45"," 78.93"," 79.47"," 79.16"," 78.88"," 79.38"," 78.23"," 79.23"," 78.17"," 78.20"," 79.11"," 79.41"," 78.13"," 77.45"," 77.97"," 77.00"," 79.13"," 79.58"," 80.80"," 78.11"," 78.53"," 78.89"," 79.24"," 78.20"," 79.93"," 78.62"," 79.99"," 77.37"," 78.84"," 79.35"," 78.51"," 78.52"," 78.36"," 79.10"," 80.26"," 77.98"," 78.90"," 78.52"," 80.41"," 80.93"," 79.50"
"n78","23","illiteracy","temporary","female","110.07","111.37","109.54","109.94","111.05","110.11","109.52","110.18","109.55","111.87","109.62","110.94","110.00","111.33","110.93","109.35","110.28","109.85","110.50","109.95","110.47","109.88","110.96","110.31","108.68","109.98","109.66","111.12","108.85","107.96","110.47","110.94","110.45","111.35","110.90","109.07","110.93","109.41","111.11","110.99","109.95","111.07","109.73","111.01","107.69","108.95","110.15","109.49","107.33","109.16","111.61","108.79","110.17","109.51","110.02","109.82","109.86","109.88","107.82","110.00","110.13","110.41","111.37","110.04","110.27","108.57","110.10"
"n79","46","illiteracy","temporary","female","368.44","372.00","369.64","370.35","370.44","368.69","370.47","368.93","370.46","369.38","369.32","370.41","370.37","369.75","369.26","370.19","369.95","370.96","369.37","369.88","372.27","368.72","370.32","370.41","369.55","369.29","368.54","368.58","369.74","371.25","370.05","371.55","369.40","370.58","370.12","370.36","370.21","370.78","369.99","370.97","370.49","369.99","369.89","368.72","369.35","369.74","370.94","370.79","369.19","369.52","371.74","368.59","370.18","370.28","369.50","368.63","369.61","372.69","369.89","369.78","370.18","368.83","370.75","370.72","369.65","370.06","369.49"
"n80","23","illiteracy","temporary","female","261.84","259.49","260.93","261.77","262.84","260.24","260.03","261.04","261.09","261.91","261.04","260.58","263.04","260.82","262.03","261.89","260.71","262.81","259.99","260.21","262.32","259.59","261.79","261.35","261.89","261.93","260.48","260.47","261.96","262.04","260.04","259.92","260.08","261.14","261.13","263.48","261.69","261.00","260.62","260.61","260.53","260.06","261.32","257.96","259.98","262.14","261.30","261.70","260.56","262.56","260.85","261.74","261.16","261.63","260.71","262.39","260.63","264.01","260.99","261.28","260.53","261.88","261.34","261.79","261.86","260.38","261.98"
"n81","33","illiteracy","temporary","female","128.31","129.65","130.41","127.91","129.06","129.10","127.44","129.30","130.91","128.09","128.40","129.11","129.44","129.60","129.69","129.22","131.86","129.05","128.16","127.94","129.30","128.96","130.55","129.31","129.58","127.88","129.26","129.23","128.10","128.59","128.63","130.33","130.06","130.19","130.91","129.18","130.68","129.23","130.66","128.25","128.90","130.41","131.16","129.46","129.17","130.13","129.38","129.51","129.75","130.59","128.43","129.06","130.10","127.36","130.80","128.85","128.46","129.67","131.73","128.83","128.01","129.37","130.67","129.22","130.10","130.66","127.79"
"n82","26","illiteracy","temporary","female","108.30","107.18","107.64","109.95","107.95","108.51","106.71","108.13","107.58","107.47","108.26","106.20","109.09","109.98","107.26","108.22","109.75","106.82","107.75","110.01","106.77","108.66","108.17","107.34","108.06","107.37","108.46","107.19","105.94","108.51","108.83","107.81","106.87","107.22","106.38","106.31","108.83","105.64","108.26","107.32","106.37","107.47","107.51","108.90","110.10","109.52","109.33","109.32","108.63","107.25","107.87","106.17","106.92","106.83","106.61","109.11","108.20","107.96","107.69","108.69","108.58","106.80","105.70","106.52","107.21","107.70","109.20"
"n83","14","illiteracy","temporary","female"," 20.63"," 20.69"," 20.81"," 19.87"," 18.93"," 19.10"," 18.64"," 18.71"," 18.48"," 20.86"," 18.79"," 20.62"," 22.35"," 19.80"," 19.82"," 20.84"," 19.99"," 19.24"," 18.58"," 20.09"," 19.57"," 20.39"," 20.28"," 21.30"," 20.60"," 21.14"," 20.07"," 20.82"," 19.75"," 19.85"," 20.07"," 18.89"," 18.79"," 19.71"," 18.60"," 20.10"," 20.80"," 19.12"," 20.05"," 18.46"," 20.93"," 19.64"," 21.53"," 20.04"," 21.86"," 20.33"," 19.81"," 21.01"," 20.53"," 19.44"," 20.70"," 20.63"," 20.37"," 19.64"," 19.95"," 20.88"," 21.12"," 20.30"," 19.19"," 20.75"," 20.15"," 21.14"," 18.40"," 19.26"," 20.53"," 18.65"," 22.75"
"n84","12","illiteracy","temporary","female"," 17.15"," 18.45"," 16.27"," 20.21"," 18.73"," 17.49"," 18.26"," 17.29"," 16.28"," 16.91"," 17.09"," 19.14"," 18.47"," 17.63"," 17.74"," 19.07"," 17.00"," 18.60"," 17.07"," 18.72"," 19.26"," 17.56"," 18.46"," 15.79"," 18.32"," 18.31"," 18.43"," 19.22"," 17.05"," 19.40"," 17.04"," 16.37"," 20.21"," 18.82"," 18.76"," 18.63"," 17.79"," 19.01"," 19.44"," 16.44"," 16.86"," 17.28"," 18.53"," 15.66"," 17.84"," 16.55"," 17.65"," 16.39"," 19.17"," 17.72"," 17.81"," 19.49"," 17.14"," 16.45"," 17.38"," 17.35"," 18.35"," 17.68"," 16.59"," 17.82"," 18.60"," 16.66"," 19.00"," 18.71"," 19.50"," 17.67"," 18.42"
"n85","38","illiteracy","temporary","female","119.13","119.74","118.95","121.08","118.55","120.61","119.32","118.95","121.46","120.11","120.33","120.19","120.65","121.47","120.06","121.22","117.65","120.63","120.42","120.18","120.13","119.54","119.38","121.10","119.81","121.18","119.61","118.99","121.45","119.90","121.22","118.77","120.36","119.68","121.95","121.31","120.56","119.49","120.98","120.72","118.55","121.19","120.86","119.81","122.31","120.95","119.49","120.93","120.41","119.83","116.74","119.57","120.02","120.72","120.35","120.23","121.51","119.95","118.94","119.50","119.82","119.43","118.14","120.60","120.79","119.26","120.44"
"n86","17","illiteracy","temporary","female"," 40.18"," 40.20"," 41.10"," 40.92"," 39.92"," 39.77"," 41.04"," 39.50"," 39.80"," 41.88"," 40.66"," 40.06"," 39.32"," 41.22"," 39.95"," 40.60"," 41.69"," 40.28"," 41.53"," 39.35"," 38.74"," 40.83"," 41.69"," 39.97"," 40.24"," 41.43"," 40.05"," 39.38"," 39.67"," 40.33"," 38.95"," 41.31"," 41.07"," 41.34"," 42.05"," 41.49"," 41.95"," 40.15"," 41.66"," 39.15"," 41.11"," 42.16"," 42.56"," 40.79"," 41.26"," 39.42"," 38.97"," 40.49"," 40.79"," 40.37"," 39.70"," 39.28"," 41.44"," 41.51"," 40.34"," 42.18"," 40.52"," 41.48"," 39.83"," 41.11"," 41.16"," 40.79"," 41.59"," 40.37"," 38.49"," 40.16"," 41.26"
"n87","34","illiteracy","temporary","female","118.13","118.28","120.02","120.12","121.22","119.94","120.51","120.27","120.74","120.92","118.67","119.32","120.92","117.83","117.43","120.14","120.03","119.65","120.85","121.19","120.99","119.82","119.97","120.30","117.87","119.00","120.80","120.25","118.70","121.29","120.49","119.40","120.01","120.07","119.70","119.82","119.85","120.66","121.00","120.55","121.75","120.62","120.32","120.84","119.86","120.73","122.01","119.79","121.03","120.02","119.25","121.13","120.46","119.68","121.76","118.14","119.94","119.79","119.87","120.12","121.86","117.92","121.04","119.24","120.94","119.55","120.86"
"n88","18","illiteracy","temporary","female"," 74.78"," 74.39"," 73.77"," 74.00"," 74.64"," 74.96"," 75.51"," 74.92"," 76.23"," 73.76"," 75.55"," 75.92"," 75.51"," 74.87"," 74.49"," 73.59"," 73.46"," 75.70"," 74.68"," 73.49"," 75.52"," 75.79"," 72.85"," 76.84"," 76.24"," 73.73"," 74.20"," 75.21"," 75.36"," 73.81"," 74.36"," 78.08"," 75.94"," 76.39"," 74.21"," 74.69"," 73.65"," 75.36"," 74.95"," 77.31"," 74.68"," 75.01"," 74.06"," 75.23"," 74.22"," 73.96"," 74.90"," 74.10"," 74.14"," 75.51"," 76.09"," 75.87"," 74.99"," 75.09"," 74.24"," 75.30"," 76.00"," 74.03"," 76.00"," 74.35"," 75.43"," 73.61"," 75.17"," 76.31"," 74.92"," 73.42"," 76.63"
"n89","19","illiteracy","temporary","female"," 51.18"," 51.02"," 51.38"," 51.00"," 52.20"," 52.33"," 51.64"," 52.82"," 52.45"," 50.72"," 52.66"," 50.70"," 51.92"," 51.73"," 51.20"," 53.13"," 52.03"," 52.52"," 51.95"," 51.12"," 52.58"," 51.20"," 52.85"," 54.42"," 52.34"," 52.67"," 52.44"," 53.25"," 50.75"," 51.04"," 52.07"," 51.94"," 50.85"," 50.25"," 51.53"," 53.65"," 54.24"," 52.84"," 50.38"," 52.75"," 51.46"," 52.13"," 52.68"," 53.66"," 52.13"," 51.30"," 52.76"," 52.82"," 52.90"," 53.14"," 52.29"," 51.06"," 52.13"," 50.24"," 53.15"," 52.51"," 52.70"," 52.16"," 49.61"," 51.39"," 52.94"," 51.73"," 52.84"," 51.06"," 52.26"," 51.45"," 51.35"
"n90","33","secondary","permanent","male","115.06","116.96","115.42","115.47","116.84","114.96","115.77","114.53","116.10","113.90","115.19","116.38","116.59","115.16","112.86","116.90","114.63","115.97","113.55","114.80","116.88","115.59","115.59","116.15","113.89","115.28","115.72","116.38","114.44","115.48","115.92","118.97","116.84","112.88","115.27","115.44","116.07","114.55","116.25","114.56","115.15","115.85","114.64","115.33","116.83","114.79","114.09","115.97","114.47","114.98","115.76","115.71","116.43","114.57","114.93","114.59","115.09","117.24","115.19","115.22","115.76","114.03","116.20","115.19","114.55","115.62","115.07"
"n91","27","higher","permanent","male","102.35","102.39","104.05","101.95","103.45","102.66","102.22","101.86","102.13","102.22","103.59","101.72","104.14","102.33","101.85","101.79","102.69","104.25","102.28","102.40","102.71","102.56","101.76","103.49","101.27","101.52","102.08","102.22","103.55","101.88","102.32","102.17","104.10","103.95","101.44","102.94","101.20","101.67","101.92","101.65","102.73","102.19","102.81","103.73","103.67","100.43","102.25","102.98","103.66","101.93","102.63","104.13","102.70","104.38","100.28","104.53","100.13","103.63","103.56","102.12","102.17","102.86","102.67","102.74","103.81","102.73","100.44"
"n92","43","higher","permanent","male","272.92","272.18","273.34","271.63","272.25","270.96","271.02","270.76","272.52","269.76","273.75","271.85","272.51","273.70","272.80","272.92","271.86","271.21","273.14","272.30","272.50","271.68","271.94","270.21","270.85","270.93","272.32","271.43","272.89","272.54","272.00","270.89","271.83","273.39","272.98","272.19","270.26","272.01","269.58","274.27","272.53","273.76","272.33","274.58","271.60","273.34","272.49","273.23","271.17","274.74","272.80","272.00","271.31","270.97","270.68","270.78","272.54","273.62","272.85","270.57","272.59","274.00","273.51","274.34","272.92","269.21","273.14"
"n93","22","higher","permanent","male"," 94.46"," 92.53"," 94.12"," 93.58"," 93.81"," 94.72"," 93.66"," 93.60"," 92.79"," 94.42"," 94.80"," 94.82"," 95.44"," 91.88"," 94.28"," 92.92"," 94.86"," 94.33"," 93.18"," 93.87"," 95.65"," 93.71"," 92.53"," 95.34"," 95.42"," 93.64"," 95.90"," 94.08"," 92.98"," 93.94"," 94.50"," 94.81"," 94.64"," 95.49"," 94.48"," 94.77"," 95.28"," 94.08"," 93.46"," 93.97"," 92.92"," 94.30"," 94.75"," 93.20"," 93.38"," 93.14"," 94.21"," 95.67"," 93.62"," 93.62"," 94.22"," 93.27"," 95.26"," 93.95"," 95.38"," 94.89"," 95.04"," 92.77"," 92.57"," 94.31"," 93.89"," 93.91"," 94.15"," 95.85"," 93.79"," 93.63"," 95.88"
"n94","38","illiteracy","permanent","male"," 30.22"," 30.24"," 28.70"," 30.75"," 31.17"," 30.71"," 28.85"," 31.45"," 29.70"," 31.84"," 30.46"," 30.42"," 32.01"," 31.21"," 30.46"," 29.21"," 30.90"," 30.77"," 29.49"," 29.78"," 29.72"," 28.36"," 30.68"," 28.51"," 30.35"," 28.45"," 30.96"," 30.82"," 31.87"," 28.81"," 30.95"," 29.78"," 30.22"," 29.59"," 30.42"," 28.89"," 29.10"," 30.82"," 27.11"," 29.73"," 29.56"," 30.75"," 30.43"," 28.65"," 31.48"," 31.06"," 31.44"," 29.03"," 31.90"," 31.21"," 31.16"," 28.79"," 29.93"," 30.19"," 28.63"," 29.80"," 30.78"," 30.31"," 30.24"," 31.45"," 29.25"," 30.79"," 31.07"," 28.69"," 28.01"," 30.96"," 29.75"
"n95","17","illiteracy","permanent","male"," 32.40"," 30.32"," 29.97"," 28.27"," 29.19"," 28.62"," 32.85"," 28.72"," 30.62"," 31.34"," 29.68"," 30.14"," 28.92"," 29.99"," 29.64"," 29.25"," 30.60"," 29.17"," 28.45"," 30.82"," 30.20"," 28.38"," 29.30"," 30.85"," 29.00"," 30.77"," 29.67"," 28.58"," 30.47"," 27.51"," 29.35"," 29.91"," 30.25"," 30.26"," 30.11"," 31.38"," 31.71"," 31.83"," 28.69"," 29.19"," 28.74"," 29.58"," 30.31"," 30.19"," 29.77"," 29.84"," 29.58"," 29.14"," 29.27"," 29.17"," 29.49"," 28.61"," 31.23"," 31.95"," 28.69"," 31.26"," 30.11"," 30.03"," 30.06"," 30.46"," 30.10"," 29.14"," 30.14"," 30.87"," 29.76"," 28.78"," 28.35"
"n96","22","illiteracy","permanent","male"," 25.62"," 24.94"," 24.41"," 25.23"," 24.30"," 24.92"," 25.29"," 22.96"," 24.02"," 23.68"," 23.76"," 26.55"," 26.18"," 25.76"," 24.63"," 26.18"," 23.78"," 23.00"," 21.97"," 25.23"," 25.04"," 24.21"," 25.49"," 25.04"," 24.70"," 26.27"," 26.44"," 26.04"," 25.60"," 24.00"," 24.75"," 24.96"," 25.15"," 26.12"," 23.58"," 23.64"," 24.94"," 23.53"," 26.12"," 24.83"," 22.31"," 24.76"," 25.21"," 24.23"," 23.73"," 25.01"," 26.22"," 24.52"," 26.11"," 26.40"," 23.74"," 25.87"," 24.89"," 25.25"," 26.76"," 25.98"," 24.52"," 23.50"," 25.36"," 25.53"," 26.21"," 26.43"," 25.22"," 25.17"," 25.44"," 26.08"," 25.17"
"n97","25","illiteracy","permanent","male"," 47.11"," 46.45"," 47.51"," 47.48"," 47.50"," 47.11"," 46.91"," 48.43"," 47.36"," 49.06"," 46.72"," 45.66"," 47.34"," 48.41"," 47.35"," 45.92"," 46.92"," 47.46"," 48.80"," 48.62"," 48.31"," 47.97"," 46.69"," 48.31"," 48.72"," 48.24"," 48.68"," 47.80"," 48.52"," 48.90"," 46.53"," 49.02"," 48.26"," 48.21"," 47.57"," 46.54"," 46.25"," 47.80"," 47.36"," 48.57"," 47.48"," 47.13"," 49.01"," 47.23"," 46.83"," 48.17"," 49.00"," 46.52"," 47.23"," 47.15"," 47.53"," 47.83"," 48.23"," 48.55"," 46.77"," 47.49"," 48.29"," 46.91"," 47.96"," 49.24"," 46.16"," 48.22"," 47.43"," 46.50"," 47.76"," 47.45"," 46.48"
"n98","50","illiteracy","permanent","male","175.02","175.58","174.80","176.80","176.56","174.25","176.38","176.26","174.35","176.57","176.67","175.63","175.89","173.99","176.86","174.41","174.64","175.51","175.10","176.68","174.27","174.46","175.26","175.56","177.93","173.70","176.12","175.89","176.10","173.73","175.36","174.50","173.25","174.10","173.96","176.64","174.29","175.90","175.61","174.21","175.54","175.56","173.85","175.73","174.99","174.76","174.11","174.83","173.92","174.98","174.87","174.75","176.11","174.38","174.87","175.86","176.32","174.90","175.07","176.10","175.32","175.33","174.74","175.10","175.01","175.58","174.85"
"n99","24","illiteracy","permanent","male","149.69","149.93","149.54","151.55","148.94","151.21","149.99","147.98","149.46","151.16","148.71","150.13","148.77","150.08","151.02","149.79","150.96","150.73","151.21","151.33","151.00","150.39","150.06","150.14","150.36","149.10","149.41","149.50","149.48","149.72","149.94","149.21","147.77","152.02","149.18","151.02","149.38","150.50","149.86","150.60","148.15","150.24","149.85","151.39","149.67","149.61","148.16","150.16","150.62","149.77","149.42","150.36","148.80","150.31","151.01","149.84","149.61","149.65","150.49","148.73","149.16","148.51","149.73","149.96","150.09","149.83","148.17"
"n100","25","illiteracy","permanent","male"," 48.72"," 49.70"," 50.28"," 50.19"," 48.95"," 51.02"," 50.05"," 49.65"," 50.27"," 50.85"," 50.60"," 49.60"," 48.82"," 50.86"," 48.95"," 49.31"," 51.15"," 49.47"," 49.74"," 50.47"," 51.34"," 49.02"," 50.74"," 49.97"," 51.42"," 50.96"," 49.95"," 49.25"," 48.70"," 48.99"," 49.56"," 48.79"," 49.86"," 49.46"," 51.98"," 51.10"," 50.51"," 49.44"," 52.02"," 49.72"," 49.96"," 48.07"," 51.09"," 49.95"," 48.98"," 49.99"," 51.08"," 50.08"," 50.30"," 51.06"," 49.08"," 49.75"," 50.69"," 48.60"," 51.20"," 48.92"," 50.27"," 50.18"," 49.41"," 50.22"," 49.81"," 50.89"," 48.65"," 51.30"," 49.75"," 49.26"," 48.94"
"n101","40","illiteracy","permanent","male","176.08","173.46","175.14","174.40","174.23","174.84","175.06","174.63","174.25","175.73","175.66","176.65","174.01","173.99","174.18","173.85","176.98","172.49","173.59","174.24","174.76","174.85","176.01","176.28","173.96","175.23","173.31","175.89","174.13","175.44","174.01","175.02","174.99","173.93","175.38","178.28","175.02","174.58","174.48","174.64","175.17","174.13","176.52","175.60","175.92","176.38","173.91","174.06","175.33","174.52","175.51","174.93","175.71","173.39","175.70","173.15","174.98","175.47","174.21","176.50","175.22","173.39","176.56","175.31","174.72","175.72","173.75"
"n102","16","primary","temporary","male"," 50.00"," 50.28"," 47.08"," 49.59"," 49.31"," 50.36"," 51.11"," 50.15"," 49.20"," 49.92"," 48.99"," 48.99"," 47.50"," 49.74"," 50.59"," 50.27"," 48.95"," 49.53"," 51.13"," 50.74"," 50.54"," 49.68"," 49.95"," 48.89"," 50.04"," 50.40"," 50.05"," 50.21"," 47.60"," 50.29"," 49.67"," 48.74"," 49.70"," 50.19"," 49.04"," 50.02"," 48.82"," 48.92"," 51.81"," 50.77"," 48.42"," 49.76"," 50.13"," 49.69"," 51.10"," 52.26"," 49.42"," 50.84"," 51.12"," 50.41"," 50.47"," 51.23"," 50.12"," 48.02"," 50.45"," 48.71"," 49.39"," 49.76"," 47.88"," 49.82"," 50.89"," 49.38"," 48.51"," 49.70"," 49.43"," 50.31"," 49.38"
"n103","26","primary","temporary","male"," 84.62"," 85.68"," 85.82"," 86.47"," 86.39"," 84.66"," 86.23"," 84.00"," 85.48"," 83.33"," 85.72"," 84.25"," 85.25"," 85.59"," 83.82"," 86.22"," 86.42"," 85.60"," 84.08"," 83.84"," 83.82"," 84.87"," 85.21"," 85.67"," 86.12"," 84.80"," 86.42"," 84.95"," 83.82"," 86.03"," 85.88"," 85.44"," 85.81"," 86.75"," 84.99"," 86.33"," 84.77"," 86.70"," 85.15"," 85.09"," 85.94"," 85.93"," 86.76"," 85.79"," 86.33"," 86.00"," 84.84"," 86.59"," 84.35"," 86.34"," 84.42"," 86.30"," 85.21"," 85.36"," 87.25"," 84.56"," 86.37"," 84.64"," 85.34"," 85.20"," 87.26"," 86.59"," 85.40"," 85.45"," 85.40"," 83.94"," 83.64"
"n104","23","secondary","temporary","male","110.81","110.79","110.27","110.11","110.95","112.78","110.65","112.13","110.75","111.31","113.17","111.29","110.35","109.29","110.49","112.00","110.53","111.82","110.76","109.60","109.10","109.99","111.01","110.50","110.21","111.09","109.91","111.97","110.40","110.83","110.10","111.55","111.37","110.56","109.03","111.16","111.43","111.49","112.05","110.18","110.26","109.72","111.86","110.54","110.20","110.95","110.81","110.36","112.97","110.26","112.14","111.60","112.82","111.11","111.01","110.38","109.80","110.70","110.41","110.48","111.37","110.55","107.59","110.79","111.19","110.93","111.20"
"n105","46","illiteracy","temporary","male"," 47.05"," 48.45"," 47.16"," 47.04"," 48.42"," 48.69"," 47.08"," 47.37"," 46.79"," 47.63"," 49.24"," 48.38"," 48.15"," 47.97"," 47.29"," 45.83"," 48.25"," 47.64"," 46.98"," 48.81"," 48.35"," 48.71"," 48.25"," 46.74"," 47.25"," 45.59"," 47.30"," 45.72"," 47.61"," 47.65"," 46.88"," 47.48"," 45.88"," 47.88"," 49.40"," 48.10"," 49.23"," 47.35"," 47.23"," 48.65"," 48.01"," 48.30"," 47.36"," 47.45"," 47.75"," 47.54"," 48.29"," 47.13"," 46.58"," 48.98"," 46.76"," 47.79"," 45.64"," 46.86"," 49.92"," 47.59"," 48.32"," 48.04"," 46.08"," 48.36"," 46.48"," 48.21"," 46.29"," 47.47"," 48.03"," 47.17"," 47.36"
"n106","37","illiteracy","temporary","male"," 41.07"," 41.22"," 42.02"," 43.32"," 40.39"," 41.83"," 41.19"," 40.57"," 40.45"," 39.50"," 41.49"," 41.54"," 40.00"," 39.30"," 40.53"," 41.62"," 42.24"," 39.94"," 40.38"," 42.21"," 40.10"," 39.49"," 40.85"," 42.88"," 39.75"," 40.03"," 40.40"," 40.56"," 40.11"," 40.98"," 39.84"," 40.37"," 41.18"," 40.63"," 41.19"," 39.11"," 39.67"," 40.35"," 38.93"," 40.69"," 41.42"," 40.37"," 38.86"," 40.25"," 39.20"," 40.23"," 39.10"," 38.46"," 41.35"," 40.76"," 39.34"," 39.09"," 39.27"," 39.96"," 41.70"," 40.88"," 39.54"," 41.48"," 39.11"," 42.18"," 40.25"," 41.93"," 39.48"," 40.47"," 39.99"," 40.84"," 39.53"
"n107","41","illiteracy","temporary","male"," 45.78"," 46.05"," 48.77"," 47.24"," 48.03"," 46.24"," 46.89"," 46.91"," 46.72"," 46.86"," 47.30"," 46.21"," 47.77"," 48.80"," 46.94"," 47.52"," 47.21"," 46.96"," 47.45"," 46.94"," 46.13"," 46.91"," 48.22"," 47.57"," 47.40"," 46.89"," 47.55"," 44.97"," 46.93"," 45.50"," 46.59"," 45.60"," 48.27"," 46.31"," 46.51"," 48.24"," 47.81"," 46.66"," 44.98"," 47.84"," 46.63"," 46.29"," 46.46"," 45.88"," 45.58"," 45.99"," 48.08"," 45.95"," 46.68"," 47.52"," 47.45"," 45.05"," 48.46"," 47.18"," 48.00"," 46.06"," 46.55"," 46.73"," 47.65"," 45.78"," 46.52"," 47.63"," 48.09"," 46.09"," 48.41"," 46.87"," 46.81"
"n108","28","illiteracy","temporary","male"," 25.67"," 25.88"," 24.24"," 25.86"," 24.05"," 25.84"," 24.47"," 24.21"," 26.06"," 25.47"," 23.78"," 25.87"," 24.73"," 25.57"," 25.46"," 24.03"," 24.89"," 24.98"," 24.57"," 23.01"," 24.49"," 25.49"," 25.97"," 26.15"," 25.71"," 24.80"," 24.65"," 24.42"," 25.94"," 24.40"," 25.20"," 25.93"," 25.36"," 25.19"," 24.58"," 23.83"," 24.72"," 24.14"," 25.14"," 25.03"," 24.66"," 25.58"," 26.45"," 25.06"," 25.54"," 23.97"," 24.90"," 25.03"," 25.46"," 25.38"," 25.17"," 25.39"," 24.11"," 25.19"," 23.37"," 25.91"," 25.68"," 24.95"," 26.69"," 24.45"," 26.27"," 25.70"," 27.19"," 26.27"," 25.76"," 25.58"," 25.53"
"n109","13","illiteracy","temporary","male"," 15.86"," 15.76"," 16.20"," 14.86"," 16.77"," 14.97"," 13.69"," 16.28"," 13.58"," 15.04"," 14.15"," 16.31"," 15.67"," 14.32"," 16.07"," 15.22"," 15.70"," 15.91"," 14.49"," 15.27"," 12.47"," 14.65"," 15.85"," 16.02"," 15.59"," 15.25"," 15.75"," 14.07"," 14.33"," 14.09"," 15.35"," 15.06"," 15.39"," 15.39"," 16.16"," 16.74"," 13.69"," 15.43"," 14.39"," 16.41"," 15.70"," 16.19"," 13.76"," 15.08"," 16.61"," 14.13"," 14.00"," 14.86"," 14.33"," 15.83"," 14.58"," 14.79"," 13.65"," 15.35"," 15.67"," 13.72"," 16.45"," 14.07"," 15.46"," 15.17"," 14.13"," 14.45"," 15.95"," 14.93"," 14.84"," 15.93"," 15.38"
"n110","18","illiteracy","temporary","male"," 24.76"," 25.19"," 23.67"," 25.26"," 27.19"," 24.78"," 24.44"," 26.37"," 25.83"," 26.42"," 25.59"," 25.41"," 25.69"," 24.14"," 25.27"," 25.44"," 26.87"," 25.86"," 26.64"," 25.06"," 24.16"," 24.19"," 23.71"," 23.20"," 24.62"," 24.52"," 26.42"," 23.37"," 25.16"," 24.57"," 25.66"," 25.77"," 24.16"," 24.83"," 24.78"," 23.95"," 25.12"," 24.64"," 24.35"," 23.98"," 25.06"," 25.08"," 24.36"," 26.60"," 23.84"," 24.81"," 24.27"," 25.86"," 26.12"," 22.54"," 24.42"," 23.10"," 26.84"," 25.14"," 25.44"," 25.02"," 23.44"," 23.42"," 25.88"," 25.36"," 24.27"," 23.57"," 25.69"," 24.09"," 24.70"," 25.79"," 24.12"
"n111","11","illiteracy","temporary","male"," 23.68"," 26.93"," 24.48"," 26.79"," 24.53"," 25.43"," 25.52"," 23.82"," 24.26"," 26.87"," 24.98"," 26.06"," 23.36"," 25.93"," 24.70"," 24.82"," 24.46"," 24.93"," 25.19"," 23.27"," 24.20"," 25.45"," 24.88"," 25.10"," 24.70"," 26.22"," 25.00"," 24.92"," 25.69"," 27.30"," 25.54"," 26.16"," 24.17"," 25.07"," 24.51"," 25.89"," 25.14"," 25.64"," 27.68"," 24.34"," 25.55"," 23.97"," 24.27"," 26.11"," 24.92"," 25.35"," 24.28"," 24.87"," 24.01"," 25.59"," 24.08"," 24.68"," 24.57"," 25.16"," 24.60"," 23.70"," 25.28"," 25.76"," 26.67"," 23.55"," 26.43"," 23.98"," 24.81"," 23.79"," 26.53"," 25.14"," 24.96"
"n112","45","illiteracy","temporary","male"," 75.44"," 77.86"," 74.34"," 75.45"," 75.10"," 75.17"," 76.12"," 75.20"," 74.92"," 75.32"," 74.29"," 76.88"," 76.86"," 74.20"," 73.11"," 76.95"," 75.49"," 73.59"," 74.19"," 73.97"," 75.13"," 74.72"," 76.37"," 76.86"," 75.91"," 74.98"," 76.12"," 74.25"," 74.35"," 75.02"," 74.81"," 74.22"," 75.37"," 74.38"," 76.13"," 74.65"," 74.64"," 74.94"," 76.36"," 75.61"," 75.36"," 76.03"," 73.92"," 76.15"," 75.01"," 73.56"," 74.41"," 74.63"," 76.52"," 73.00"," 74.65"," 74.04"," 75.27"," 75.02"," 76.06"," 75.99"," 75.71"," 76.80"," 73.92"," 74.51"," 75.96"," 74.42"," 73.75"," 75.35"," 75.81"," 74.48"," 72.31"
"n113","14","illiteracy","temporary","male"," 52.74"," 52.58"," 53.20"," 53.45"," 54.83"," 52.42"," 53.23"," 53.10"," 55.27"," 52.35"," 52.29"," 54.88"," 53.87"," 53.26"," 53.12"," 51.26"," 54.11"," 53.70"," 54.94"," 53.36"," 54.85"," 54.09"," 54.58"," 52.04"," 54.83"," 54.62"," 55.15"," 53.78"," 52.76"," 53.70"," 54.59"," 54.72"," 55.17"," 53.77"," 55.42"," 53.05"," 51.16"," 54.07"," 53.80"," 52.54"," 53.98"," 52.60"," 53.00"," 55.24"," 50.78"," 54.16"," 53.38"," 53.22"," 53.97"," 53.36"," 53.31"," 52.45"," 55.44"," 54.75"," 52.57"," 53.53"," 54.50"," 53.28"," 53.88"," 53.96"," 55.47"," 53.06"," 54.61"," 53.25"," 53.56"," 53.79"," 54.15"
"n114","26","illiteracy","temporary","male"," 50.11"," 49.52"," 49.99"," 50.25"," 50.42"," 48.66"," 49.78"," 51.80"," 49.43"," 50.05"," 51.00"," 48.78"," 48.68"," 51.17"," 50.63"," 48.90"," 51.48"," 51.01"," 51.75"," 48.79"," 51.04"," 50.10"," 48.09"," 49.15"," 50.74"," 50.77"," 48.53"," 50.01"," 48.14"," 50.89"," 50.49"," 51.75"," 49.74"," 50.50"," 49.31"," 49.02"," 50.98"," 50.92"," 50.33"," 50.46"," 50.32"," 50.41"," 50.19"," 48.68"," 48.00"," 48.68"," 51.25"," 48.88"," 50.60"," 50.80"," 50.18"," 50.32"," 50.65"," 51.58"," 50.00"," 49.69"," 49.38"," 50.94"," 50.10"," 51.09"," 48.65"," 49.54"," 49.75"," 50.51"," 50.65"," 49.78"," 50.23"
